object_condition,prompt_gender,n_samples,injected_object_recall,injected_object_precision,avg_injected_object_mention_count
female_objects,female,9,0.45555555555555555,0.36607142857142855,4.555555555555555
female_objects,male,9,0.3333333333333333,0.27522935779816515,3.3333333333333335
male_objects,female,9,0.28888888888888886,0.24299065420560748,2.888888888888889
male_objects,male,9,0.3333333333333333,0.26548672566371684,3.3333333333333335
