object_condition,n_samples,core_chairi_like,core_chairs_like,core_precision,core_recall,core_f1,core_missing_rate
female_objects,18,0.5972850678733032,1.0,0.40271493212669685,0.39035087719298245,0.39643652561247217,0.6096491228070176
male_objects,18,0.6772727272727272,1.0,0.32272727272727275,0.31140350877192985,0.31696428571428575,0.6885964912280702
