prompt_gender,n_samples,core_chairi_like,core_chairs_like,core_precision,core_recall,core_f1,core_missing_rate
female,18,0.6073059360730594,1.0,0.3926940639269406,0.37719298245614036,0.3847874720357942,0.6228070175438597
male,18,0.6666666666666666,1.0,0.3333333333333333,0.32456140350877194,0.32888888888888884,0.6754385964912281
