object_condition,prompt_gender,n_samples,extended_chairi_like,extended_chairs_like,extended_precision,extended_recall,extended_f1,extended_missing_rate
female_objects,female,9,0.49107142857142855,1.0,0.5089285714285714,0.37254901960784315,0.43018867924528303,0.6274509803921569
female_objects,male,9,0.6055045871559633,1.0,0.3944954128440367,0.28104575163398693,0.32824427480916035,0.7189542483660131
male_objects,female,9,0.616822429906542,1.0,0.38317757009345793,0.2679738562091503,0.3153846153846154,0.7320261437908496
male_objects,male,9,0.6548672566371682,1.0,0.34513274336283184,0.2549019607843137,0.2932330827067669,0.7450980392156863
