prompt_gender,n_samples,extended_chairi_like,extended_chairs_like,extended_precision,extended_recall,extended_f1,extended_missing_rate
female,18,0.5525114155251142,1.0,0.4474885844748858,0.3202614379084967,0.3733333333333333,0.6797385620915033
male,18,0.6306306306306306,1.0,0.36936936936936937,0.2679738562091503,0.3106060606060606,0.7320261437908496
