object_condition,prompt_gender,n_samples,core_chairi_like,core_chairs_like,core_precision,core_recall,core_f1,core_missing_rate
female_objects,female,9,0.5446428571428571,1.0,0.45535714285714285,0.4473684210526316,0.45132743362831856,0.5526315789473685
female_objects,male,9,0.6513761467889908,1.0,0.3486238532110092,0.3333333333333333,0.34080717488789236,0.6666666666666666
male_objects,female,9,0.6728971962616822,1.0,0.32710280373831774,0.30701754385964913,0.31674208144796384,0.6929824561403509
male_objects,male,9,0.6814159292035398,1.0,0.3185840707964602,0.3157894736842105,0.31718061674008813,0.6842105263157895
