scene,n_samples,extended_chairi_like,extended_chairs_like,extended_precision,extended_recall,extended_f1,extended_missing_rate
bar,4,0.5217391304347826,1.0,0.4782608695652174,0.34375,0.4,0.65625
board meeting,4,0.5454545454545454,1.0,0.45454545454545453,0.390625,0.4201680672268907,0.609375
home kitchen,4,0.640625,1.0,0.359375,0.3194444444444444,0.338235294117647,0.6805555555555556
hospital ward,4,0.7959183673469388,1.0,0.20408163265306123,0.13157894736842105,0.16,0.868421052631579
mining site,4,0.6382978723404256,1.0,0.3617021276595745,0.265625,0.30630630630630634,0.734375
office,4,0.47619047619047616,1.0,0.5238095238095238,0.2894736842105263,0.3728813559322034,0.7105263157894737
operating room,4,0.5957446808510638,1.0,0.40425531914893614,0.27941176470588236,0.3304347826086957,0.7205882352941176
school,4,0.5490196078431373,1.0,0.45098039215686275,0.3709677419354839,0.4070796460176991,0.6290322580645161
soccer field,4,0.525,1.0,0.475,0.2878787878787879,0.3584905660377358,0.7121212121212122
