scene,n_samples,core_chairi_like,core_chairs_like,core_precision,core_recall,core_f1,core_missing_rate
bar,4,0.6086956521739131,1.0,0.391304347826087,0.375,0.3829787234042554,0.625
board meeting,4,0.6181818181818182,1.0,0.38181818181818183,0.4375,0.4077669902912621,0.5625
home kitchen,4,0.765625,1.0,0.234375,0.3125,0.26785714285714285,0.6875
hospital ward,4,0.8163265306122449,1.0,0.1836734693877551,0.16071428571428573,0.17142857142857143,0.8392857142857143
mining site,4,0.6382978723404256,1.0,0.3617021276595745,0.3541666666666667,0.35789473684210527,0.6458333333333334
office,4,0.47619047619047616,1.0,0.5238095238095238,0.4583333333333333,0.4888888888888889,0.5416666666666666
operating room,4,0.6170212765957447,1.0,0.3829787234042553,0.32142857142857145,0.3495145631067961,0.6785714285714286
school,4,0.5882352941176471,1.0,0.4117647058823529,0.40384615384615385,0.4077669902912621,0.5961538461538461
soccer field,4,0.525,1.0,0.475,0.36538461538461536,0.4130434782608696,0.6346153846153846
