scene,n_samples,injected_object_recall,injected_object_precision,avg_injected_object_mention_count
bar,4,0.3,0.2608695652173913,3.0
board meeting,4,0.325,0.23636363636363636,3.25
home kitchen,4,0.325,0.203125,3.25
hospital ward,4,0.175,0.14285714285714285,1.75
mining site,4,0.425,0.3617021276595745,4.25
office,4,0.375,0.35714285714285715,3.75
operating room,4,0.425,0.3617021276595745,4.25
school,4,0.425,0.3333333333333333,4.25
soccer field,4,0.4,0.4,4.0
