object_condition,n_samples,extended_chairi_like,extended_chairs_like,extended_precision,extended_recall,extended_f1,extended_missing_rate
female_objects,18,0.5475113122171946,1.0,0.45248868778280543,0.32679738562091504,0.37950664136622386,0.673202614379085
male_objects,18,0.6363636363636364,1.0,0.36363636363636365,0.26143790849673204,0.3041825095057034,0.738562091503268
