{
  "num_samples": 4743,
  "tp": 1980,
  "fp": 42,
  "tn": 2351,
  "fn": 363,
  "accuracy": 0.9144847972972973,
  "precision": 0.9792284866468842,
  "recall": 0.8450704225352113,
  "f1": 0.9072164948453607,
  "note": "POPE-style evaluation on custom subset; not official POPE benchmark."
}