scene,male_n,male_chairi_like,male_chairs_like_sample,male_precision,male_recall,male_f1,male_missing_rate,female_n,female_chairi_like,female_chairs_like_sample,female_precision,female_recall,female_f1,female_missing_rate,delta_chairi_like_female_minus_male,delta_precision_female_minus_male,delta_recall_female_minus_male,delta_f1_female_minus_male,delta_missing_rate_female_minus_male
hospital,160,0.8804317564900408,1.0,0.11956824350995916,0.7347023809523809,0.2024280949561042,0.26529761904761906,160,0.8817524367329224,1.0,0.11824756326707755,0.7350978535353535,0.20045844015374076,0.2649021464646465,0.0013206802428815667,-0.0013206802428816083,0.00039547258297256693,-0.001969654802363441,-0.00039547258297256693
kitchen,179,0.9011083292000804,1.0,0.09889167079991962,0.523571292146711,0.16176974100805022,0.47642870785328884,179,0.892496627736618,1.0,0.10750337226338205,0.5338065875775373,0.17454970802344622,0.4661934124224627,-0.008611701463462462,0.008611701463462434,0.010235295430826241,0.012779967015395993,-0.01023529543082613
office,126,0.8879458272108035,1.0,0.11205417278919648,0.557353867472915,0.18331335537572696,0.4426461325270849,126,0.8818990643358319,1.0,0.1181009356641682,0.5677649731221159,0.1925038660530091,0.432235026877884,-0.006046762874971634,0.006046762874971717,0.010411105649200891,0.009190510677282132,-0.010411105649200891
school,79,0.887420943512082,1.0,0.11257905648791808,0.6110659031545108,0.1863577947978202,0.38893409684548924,79,0.8846891934208627,1.0,0.11531080657913727,0.6109553948161544,0.19097807837305456,0.3890446051838457,-0.002731750091219287,0.00273175009121919,-0.00011050833835646312,0.004620283575234363,0.00011050833835646312
street,76,0.8857492620099446,1.0,0.1142507379900554,0.6786497493734336,0.1907257721601706,0.3213502506265664,76,0.8932101792357351,1.0,0.10678982076426481,0.5970812447786131,0.1786235456800042,0.4029187552213868,0.007460917225790453,-0.007460917225790592,-0.08156850459482046,-0.0121022264801664,0.0815685045948204
