pred_gender_forced,n_samples,mean_chairi_like,mean_chairs_like_sample,mean_precision,mean_recall,mean_f1,mean_missing_rate
female,620,0.886662884275163,1.0,0.11333711572483703,0.6102404405630212,0.18747724668810672,0.38975955943697876
male,620,0.8894707171677297,1.0,0.11052928283227027,0.615080349757769,0.18332288078058068,0.3849196502422309
