prompt_gender,n_samples,extended_chairi_like,extended_chairs_like,extended_precision,extended_recall,extended_f1,extended_missing_rate
female,900,0.6027896800072933,1.0,0.39721031999270673,0.28477124183006536,0.33172180136282314,0.7152287581699346
male,900,0.6118617301280926,1.0,0.38813826987190736,0.2891503267973856,0.33141059255374933,0.7108496732026144
