scene,n_samples,core_chairi_like,core_chairs_like,core_precision,core_recall,core_f1,core_missing_rate
bar,200,0.6075294117647059,1.0,0.3924705882352941,0.3475,0.36861878453038677,0.6525
board meeting,200,0.5601503759398496,1.0,0.4398496240601504,0.39,0.4134275618374559,0.61
home kitchen,200,0.7968,1.0,0.2032,0.26458333333333334,0.22986425339366515,0.7354166666666667
hospital ward,200,0.7633561643835617,1.0,0.23664383561643837,0.24678571428571427,0.24160839160839162,0.7532142857142857
mining site,200,0.6895017793594306,1.0,0.3104982206405694,0.29083333333333333,0.3003442340791738,0.7091666666666666
office,200,0.4811643835616438,1.0,0.5188356164383562,0.505,0.5118243243243242,0.495
operating room,200,0.6870722433460076,1.0,0.3129277566539924,0.29392857142857143,0.30313075506445675,0.7060714285714286
school,200,0.6836734693877551,1.0,0.3163265306122449,0.3219230769230769,0.31910026686999615,0.678076923076923
soccer field,200,0.5210502489814396,1.0,0.4789497510185604,0.40692307692307694,0.44000831773757537,0.5930769230769231
