object_condition,n_samples,core_chairi_like,core_chairs_like,core_precision,core_recall,core_f1,core_missing_rate
female_objects,900,0.6244807532539463,1.0,0.37551924674605375,0.3568421052631579,0.3659425178788288,0.6431578947368422
male_objects,900,0.6830241026530258,1.0,0.3169758973469742,0.32070175438596493,0.31882794104822537,0.6792982456140351
