scene,n_samples,extended_chairi_like,extended_chairs_like,extended_precision,extended_recall,extended_f1,extended_missing_rate
bar,200,0.5303529411764706,1.0,0.4696470588235294,0.311875,0.37483568075117374,0.688125
board meeting,200,0.46616541353383456,1.0,0.5338345864661654,0.355,0.4264264264264264,0.645
home kitchen,200,0.71232,1.0,0.28768,0.24972222222222223,0.26736059479553903,0.7502777777777778
hospital ward,200,0.7424657534246575,1.0,0.25753424657534246,0.19789473684210526,0.2238095238095238,0.8021052631578948
mining site,200,0.6788256227758007,1.0,0.3211743772241993,0.225625,0.26505139500734215,0.774375
office,200,0.4520547945205479,1.0,0.547945205479452,0.3368421052631579,0.4172099087353325,0.6631578947368421
operating room,200,0.6612167300380228,1.0,0.33878326996197716,0.2620588235294118,0.2955223880597015,0.7379411764705882
school,200,0.6061980347694633,1.0,0.3938019652305367,0.3361290322580645,0.3626870866689871,0.6638709677419354
soccer field,200,0.5196921684019918,1.0,0.48030783159800816,0.32151515151515153,0.3851878743873661,0.6784848484848485
