object_condition,prompt_gender,n_samples,core_chairi_like,core_chairs_like,core_precision,core_recall,core_f1,core_missing_rate
female_objects,female,450,0.6121788772597526,1.0,0.3878211227402474,0.35754385964912283,0.3720675490643542,0.6424561403508772
female_objects,male,450,0.6360702760846182,1.0,0.36392972391538186,0.356140350877193,0.35999290654371346,0.643859649122807
male_objects,female,450,0.6797339866993349,1.0,0.320266013300665,0.32105263157894737,0.32065884002102674,0.6789473684210526
male_objects,male,450,0.686254295532646,1.0,0.31374570446735395,0.32035087719298244,0.31701388888888893,0.6796491228070175
