scene,n_samples,injected_object_recall,injected_object_precision,avg_injected_object_mention_count
bar,200,0.309,0.2908235294117647,3.09
board meeting,200,0.3535,0.33223684210526316,3.535
home kitchen,200,0.2805,0.17952,2.805
hospital ward,200,0.2425,0.1660958904109589,2.425
mining site,200,0.32,0.2846975088967972,3.2
office,200,0.4595,0.3934075342465753,4.595
operating room,200,0.3565,0.27110266159695817,3.565
school,200,0.354,0.2675736961451247,3.54
soccer field,200,0.441,0.3992756903576279,4.41
