object_condition,prompt_gender,n_samples,extended_chairi_like,extended_chairs_like,extended_precision,extended_recall,extended_f1,extended_missing_rate
female_objects,female,450,0.5644148430066603,1.0,0.43558515699333966,0.2992156862745098,0.3547462223944207,0.7007843137254902
female_objects,male,450,0.5795984223736106,1.0,0.4204015776263894,0.3065359477124183,0.3545509525249471,0.6934640522875817
male_objects,female,450,0.6380819040952047,1.0,0.36191809590479523,0.27032679738562093,0.30948817719245736,0.7296732026143791
male_objects,male,450,0.6427835051546392,1.0,0.35721649484536083,0.27176470588235296,0.30868596881959914,0.7282352941176471
