object_condition,n_samples,extended_chairi_like,extended_chairs_like,extended_precision,extended_recall,extended_f1,extended_missing_rate
female_objects,900,0.5722329917843626,1.0,0.4277670082156374,0.30287581699346405,0.3546473807063865,0.697124183006536
male_objects,900,0.6404543089994797,1.0,0.3595456910005202,0.2710457516339869,0.3090854885592904,0.7289542483660131
