prompt_gender,n_samples,core_chairi_like,core_chairs_like,core_precision,core_recall,core_f1,core_missing_rate
female,900,0.6473698605159997,1.0,0.35263013948400035,0.3392982456140351,0.3458357548392865,0.6607017543859649
male,900,0.6616950342165292,1.0,0.3383049657834708,0.33824561403508774,0.3382752873059041,0.6617543859649123
