object_condition,n_samples,injected_object_recall,injected_object_precision,avg_injected_object_mention_count
female_objects,900,0.3848888888888889,0.3197636850364627,3.848888888888889
male_objects,900,0.30766666666666664,0.24007282816022196,3.0766666666666667
