prompt_gender,n_samples,injected_object_recall,injected_object_precision,avg_injected_object_mention_count
female,900,0.3456666666666667,0.28361746740815025,3.4566666666666666
male,900,0.3468888888888889,0.27390770310580803,3.468888888888889
